Interne Referenz,Barcode,Name,Produktkategorie
12698,9004464243066,EHT 100,All / Boiler
12699,9004464248429,EHT 120,All / Boiler
12700,9004464248436,EHT 150,All / Boiler
15254,9004464248405,EHT 50,All / Boiler
10758,Kein ean Code,FS9180,"All / Bügeleisen, Dampfstationen & Bügelklapptische"
13891,8021098280480,IB 3001 BK,"All / Bügeleisen, Dampfstationen & Bügelklapptische"
14511,8021098280503,IS 1012 BL,"All / Bügeleisen, Dampfstationen & Bügelklapptische"
14647,128792600,IS 5145 WH Easy Lock,"All / Bügeleisen, Dampfstationen & Bügelklapptische"
14618,128781630,IS 7143 WH CareStyle 7,"All / Bügeleisen, Dampfstationen & Bügelklapptische"
15019,8021098001009,IS 7262 GY,"All / Bügeleisen, Dampfstationen & Bügelklapptische"
14622,127406002,SI 5037 Vi TexStyle 5,"All / Bügeleisen, Dampfstationen & Bügelklapptische"
14509,8021098000781,Si 1040 GR,"All / Bügeleisen, Dampfstationen & Bügelklapptische"
14510,8021098000477,Si 7160 BL,"All / Bügeleisen, Dampfstationen & Bügelklapptische"
14285,2110343503,UVC5033TA,All / Desinfektionsgeräte
14812,8004399327924,EN 80.B Inissia Schwarz,All / Kaffee-Maschinen
14737,8004399332928,EN 85.B Essenza Mini schwarz,All / Kaffee-Maschinen
15171,8004399331181,EC 685.BK Dedica,All / Kaffee-Maschinen
15185,8004399331198,EC 685.M Dedica,All / Kaffee-Maschinen
14514,8004399331204,EC 685.R Dedica,All / Kaffee-Maschinen
14513,8004399019959,EC 9355.BM La Specialista Prestigio,All / Kaffee-Maschinen
14123,8004399325043,ECAM 21.110 SB Magnifica S,All / Kaffee-Maschinen
13881,8004399331136,ECAM 350.35.SB Dinamica,All / Kaffee-Maschinen
15230,4002516139621,CVA7845 brws,All / Kaffee-Maschinen / Einbau-Kaffeevollautomaten
15139,4242005396900,TKA2M113,All / Kaffee-Maschinen / Filter-Kaffeemaschinen
15140,4242005396948,TKA6M273,All / Kaffee-Maschinen / Filter-Kaffeemaschinen
14064,4002516326816,CM 5310 Silence obsidianschwarz,All / Kaffee-Maschinen / Kaffeevollautomaten
14662,4002516599258,CM 5315 Silence graphitgrau,All / Kaffee-Maschinen / Kaffeevollautomaten
15021,8004399019942,EC 9355.M La Specialista Prestigio,All / Kaffee-Maschinen / Kaffeevollautomaten
14794,8004399328297,ECAM 20.110.B Magnifica S,All / Kaffee-Maschinen / Kaffeevollautomaten
15060,Set,ECAM 20.110.B Magnifica S +  DLSC500 EcoDecalk,All / Kaffee-Maschinen / Kaffeevollautomaten
14648,8004399326163,ECAM 21.117 B Magnifica S,All / Kaffee-Maschinen / Kaffeevollautomaten
15010,8004399325067,ECAM 22.110 SB Magnifica S silber,All / Kaffee-Maschinen / Kaffeevollautomaten
14707,8004399025356,ECAM 220.21.B Magnifica Start,All / Kaffee-Maschinen / Kaffeevollautomaten
15011,8004399025370,ECAM 220.22 GB Magnifica Start,All / Kaffee-Maschinen / Kaffeevollautomaten
15020,8004399025400,ECAM 220.30.SB Magnifica Start,All / Kaffee-Maschinen / Kaffeevollautomaten
15193,8004399021419,ECAM 290.81.TB Magnifica Evo,All / Kaffee-Maschinen / Kaffeevollautomaten
13870,8004399333536,ECAM 370.85.SB Dinamica plus,All / Kaffee-Maschinen / Kaffeevollautomaten
14516,8004399334878,ECAM 610.74.MB PrimaDonna Soul,All / Kaffee-Maschinen / Kaffeevollautomaten
15014,8004399331648,ECAM 650.85.MS PrimaDonna Elite Experience,All / Kaffee-Maschinen / Kaffeevollautomaten
15257,8004399026582,EXAM440.35.B Rivelia schwarz,All / Kaffee-Maschinen / Kaffeevollautomaten
15259,8004399026599,EXAM440.35.W Rivelia weiss,All / Kaffee-Maschinen / Kaffeevollautomaten
15258,8004399026711,EXAM440.55.BG Rivelia beige,All / Kaffee-Maschinen / Kaffeevollautomaten
15273,4242003926864,TF301E19,All / Kaffee-Maschinen / Kaffeevollautomaten
14906,4242003837122,TP501D09,All / Kaffee-Maschinen / Kaffeevollautomaten
15291,4242003927649,TP511D09,All / Kaffee-Maschinen / Kaffeevollautomaten
14633,8004399331389,EN 167.B Citiz Schwarz,All / Kaffee-Maschinen / Kapselmaschinen
15012,2050005009438,EN 267.BAE Citiz & Milk,All / Kaffee-Maschinen / Kapselmaschinen
13871,8004399334007,EN 650.B Gran Lattissima schwarz,All / Kaffee-Maschinen / Kapselmaschinen
15256,8004399028760,EN127.BL,All / Kaffee-Maschinen / Kapselmaschinen
15255,8004399028753,EN127.S,All / Kaffee-Maschinen / Kapselmaschinen
14515,8004399332485,ENV 155.B Vertuo Plus,All / Kaffee-Maschinen / Kapselmaschinen
14734,8004399024632,ENV 90.B Vertuo Pop Black,All / Kaffee-Maschinen / Kapselmaschinen
14735,8004399024649,ENV 90.Y Vertuo Pop Mango Yellow,All / Kaffee-Maschinen / Kapselmaschinen
14710,8004399329973,DLSC302 Fancy Collection,All / Kaffee-Maschinen / Zubehör
14711,8004399329492,DLSC500 Ecodecalk,All / Kaffee-Maschinen / Zubehör
14907,4242003870990,TZ80004A,All / Kaffee-Maschinen / Zubehör
14542,7332543838639,CCE84751CB,All / Kochen / Ceranfelder / Autarke Ceranfelder
11528,4242003612316,ET645HN17E,All / Kochen / Ceranfelder / Autarke Ceranfelder
12510,4242003613443,ET845HH17,All / Kochen / Ceranfelder / Autarke Ceranfelder
15233,4242003697405,EX375FXB1E,All / Kochen / Ceranfelder / Autarke Ceranfelder
13267,4242003716779,EX645LYC1E,All / Kochen / Ceranfelder / Autarke Ceranfelder
13967,4242003887257,EX801LX67E,All / Kochen / Ceranfelder / Autarke Ceranfelder
14917,4242003716946,EX801LYC1E,All / Kochen / Ceranfelder / Autarke Ceranfelder
14067,4242003705582,EX875LYC1E,All / Kochen / Ceranfelder / Autarke Ceranfelder
12023,8690842347573,HDCC32200X,All / Kochen / Ceranfelder / Autarke Ceranfelder
14967,8690842386985,HII64200FMTX,All / Kochen / Ceranfelder / Autarke Ceranfelder
14727,8711369239452,Induktionskocher schräg 2000 W,All / Kochen / Ceranfelder / Autarke Ceranfelder
14983,4002515996744,KM 6520 FR,All / Kochen / Ceranfelder / Autarke Ceranfelder
14872,4002516711964,KM7361 FR,All / Kochen / Ceranfelder / Autarke Ceranfelder
15096,4002516736141,KM7466FR Induktionskochfeld Autark 125 Edition,All / Kochen / Ceranfelder / Autarke Ceranfelder
14656,4242002848969,PXX675DC1E,All / Kochen / Ceranfelder / Autarke Ceranfelder
13384,4242004208822,T16BD76N0,All / Kochen / Ceranfelder / Autarke Ceranfelder
12727,4242004190394,T16BT76N0,All / Kochen / Ceranfelder / Autarke Ceranfelder
13307,4242004232827,T48BT13N2,All / Kochen / Ceranfelder / Autarke Ceranfelder
13071,4242004191926,T57TT60N0,All / Kochen / Ceranfelder / Autarke Ceranfelder
13118,4242004195771,T58BT20N0,All / Kochen / Ceranfelder / Autarke Ceranfelder
15211,4242004244103,T68BT6QN2,All / Kochen / Ceranfelder / Autarke Ceranfelder
15196,4242004269854,T68STY4L0,All / Kochen / Ceranfelder / Autarke Ceranfelder
12176,8003437826702,AKT 157 IX,All / Kochen / Ceranfelder / Kochfelder (herdgebunden)
13345,4242003611845,EA645GN17,All / Kochen / Ceranfelder / Kochfelder (herdgebunden)
14987,3838782120817,ECD643BCSC,All / Kochen / Ceranfelder / Kochfelder (herdgebunden)
13533,3838782120824,ECD643BX,All / Kochen / Ceranfelder / Kochfelder (herdgebunden)
15109,4242003933817,EI645CFB6E,All / Kochen / Ceranfelder / Kochfelder (herdgebunden)
13607,4002514232195,KM 6012,All / Kochen / Ceranfelder / Kochfelder (herdgebunden)
14956,4002514359533,KM6003LP,All / Kochen / Ceranfelder / Kochfelder (herdgebunden)
11717,4002514232201,KM6013,All / Kochen / Ceranfelder / Kochfelder (herdgebunden)
13353,4002516151852,KM7001FR Induktionskochfeld,All / Kochen / Ceranfelder / Kochfelder (herdgebunden)
13349,4242004162889,M13R42N2,All / Kochen / Ceranfelder / Kochfelder (herdgebunden)
14505,4242005283132,NKN645GA2E,All / Kochen / Ceranfelder / Kochfelder (herdgebunden)
14271,4242003876510,ED811FQ15E,All / Kochen / Ceranfelder / Kochfelder mit Dunstabzug
14574,8690842469275,HIXI84700UF,All / Kochen / Ceranfelder / Kochfelder mit Dunstabzug
15153,4002516755944,KMDA7676-FL-A,All / Kochen / Ceranfelder / Kochfelder mit Dunstabzug
12458,4242002968506,DUL63CC50,All / Kochen / Dunstabzug
15043,4242004250791,D46BR22X1,All / Kochen / Dunstabzug / Einbau-Abzugshauben
14158,4242004251125,D46ED52X1,All / Kochen / Dunstabzug / Einbau-Abzugshauben
14168,4242005231997,DFM064W54,All / Kochen / Dunstabzug / Einbau-Abzugshauben
15044,4242004235712,I95CAQ6W0,All / Kochen / Dunstabzug / Inselessen & Deckenlüfter
13163,4242004185567,D16EB12N0,All / Kochen / Dunstabzug / Unterbau-Abzugshauben
14573,8690842145582,DF 6036 X,All / Kochen / Dunstabzug / Unterbau-Abzugshauben
13108,4242004210023,D65IHM1S0,All / Kochen / Dunstabzug / Wand-Abzugshauben
14820,4242004244608,D85IEE1S0,All / Kochen / Dunstabzug / Wand-Abzugshauben
14808,4242005051038,DWB66DM50,All / Kochen / Dunstabzug / Wand-Abzugshauben
15050,4242003760994,LC87KHM60,All / Kochen / Dunstabzug / Wand-Abzugshauben
15069,4242003900253,HZ9VDSB4,All / Kochen / Dunstabzug / Zubehör
15070,4242003890660,HZ9VDSM2,All / Kochen / Dunstabzug / Zubehör
14889,4242003774434,LZ10AKS00,All / Kochen / Dunstabzug / Zubehör
13758,4242004143390,Z5102X5,All / Kochen / Dunstabzug / Zubehör
13636,4242004221029,E2CCG6AN0,All / Kochen / Einbauherde
13348,4242004220961,ECB1403,All / Kochen / Einbauherde
13610,4002516130420,H 2267-1 EP clst,All / Kochen / Einbauherde
14078,4242005029419,HEA578BS0,All / Kochen / Einbauherde
14169,4242005048229,HEF133BS1,All / Kochen / Einbauherde
15039,4242004275787,B1CCC0AK0,All / Kochen / Einbauherde / Backöfen
14715,4242004237068,B1CCC0AN0,All / Kochen / Einbauherde / Backöfen
14691,4242004220541,B3CCE4AN0,All / Kochen / Einbauherde / Backöfen
13753,4242004177272,B45CR22N0,All / Kochen / Einbauherde / Backöfen
15182,4242004275916,B6ACH7AG0,All / Kochen / Einbauherde / Backöfen
12723,4242004220565,B6CCH7AN0,All / Kochen / Einbauherde / Backöfen
14344,8690842403323,BBIM12300X,All / Kochen / Einbauherde / Backöfen
14977,8690842567759,BBIMA13300XS,All / Kochen / Einbauherde / Backöfen
14346,8690842294839,BBIS12300XDE,All / Kochen / Einbauherde / Backöfen
14975,8690842561108,BE64090XRS,All / Kochen / Einbauherde / Backöfen
14816,4242005110810,CBG635BS3,All / Kochen / Einbauherde / Backöfen
13257,4002516130390,H 2265-1 B CLST,All / Kochen / Einbauherde / Backöfen
13258,4002516130406,H 2265-1 BP CLST,All / Kochen / Einbauherde / Backöfen
15100,4002516765615,H 2455 B ACTIVE Obsidianschwarz,All / Kochen / Einbauherde / Backöfen
14804,4002516763772,H 2467 BP ACTIVE Obsidianschwarz,All / Kochen / Einbauherde / Backöfen
13669,4002516130536,H 2860 B Brillantweiß,All / Kochen / Einbauherde / Backöfen
14457,4002516465218,H 2860-2 B clst PizzaPlus,All / Kochen / Einbauherde / Backöfen
15095,4002516769965,H 2861-1 B clst 125 Edition,All / Kochen / Einbauherde / Backöfen
12665,4242003799192,HB517ABS0,All / Kochen / Einbauherde / Backöfen
14564,4242003839591,HB574ABR1,All / Kochen / Einbauherde / Backöfen
12666,4242003799437,HB578ABS0,All / Kochen / Einbauherde / Backöfen
14665,4242003869703,HB579GBS0,All / Kochen / Einbauherde / Backöfen
15175,4242003901809,HB774G1B1,All / Kochen / Einbauherde / Backöfen
13300,4242005126026,HBA533BB1,All / Kochen / Einbauherde / Backöfen
13191,4242002808901,HBG635BB1,All / Kochen / Einbauherde / Backöfen
12381,4242002808543,HBG635BS1,All / Kochen / Einbauherde / Backöfen
14421,4242002808932,HBG635BW1,All / Kochen / Einbauherde / Backöfen
14951,4242002808673,HBG675BB1,All / Kochen / Einbauherde / Backöfen
15053,4242002808567,HBG675BS1,All / Kochen / Einbauherde / Backöfen
14825,4242005289806,HRA574BS0,All / Kochen / Einbauherde / Backöfen
12982,4242004177296,B45FS24N0,All / Kochen / Einbauherde / Dampfgarer
14463,4242004263579,B46FT62H0,All / Kochen / Einbauherde / Dampfgarer
12981,4242004181491,B46FT64N0,All / Kochen / Einbauherde / Dampfgarer
14540,7332543543076,BSE682020M,All / Kochen / Einbauherde / Dampfgarer
14541,7332543501762,BSE792220B,All / Kochen / Einbauherde / Dampfgarer
15006,4002516599111,DGC 7250 BW,All / Kochen / Einbauherde / Dampfgarer
14661,4002516587576,DGC 7450 Edelstahl/CleanSteel,All / Kochen / Einbauherde / Dampfgarer
15217,4002516632726,DGC7865HCX Pro brws,All / Kochen / Einbauherde / Dampfgarer
14324,4242005151400,HRG5184S1,All / Kochen / Einbauherde / Dampfgarer
12429,4242003865743,HS636GDS2,All / Kochen / Einbauherde / Dampfgarer
15237,4242003902547,HS736G3B1,All / Kochen / Einbauherde / Dampfgarer
15207,4242003902608,HS758G3B1,All / Kochen / Einbauherde / Dampfgarer
12638,4242002808383,HSG636BB1,All / Kochen / Einbauherde / Dampfgarer
12481,4242002808451,HSG636BS1,All / Kochen / Einbauherde / Dampfgarer
12444,4242002808420,HSG636XS6,All / Kochen / Einbauherde / Dampfgarer
14986,3838782477041,BC6717E02X,All / Kochen / Einbauherde / Herde
13667,4002516130321,H 2265-1 E BW,All / Kochen / Einbauherde / Herde
15099,4002516728382,H2457E Active obsidianschwarz,All / Kochen / Einbauherde / Herde
15219,4002516824275,H2459-E Active,All / Kochen / Einbauherde / Herde
15051,42420039006,HD214ABS0,All / Kochen / Einbauherde / Herde
14972,4242003941287,HE213ABB0,All / Kochen / Einbauherde / Herde
13344,4242003799536,HE213ABR0,All / Kochen / Einbauherde / Herde
15173,4242003799581,HE213BBS0,All / Kochen / Einbauherde / Herde
15068,8690842534577,BBSM12345XH,All / Kochen / Einbauherde / Herdsets
14733,8690842534584,BBUE12025XH,All / Kochen / Einbauherde / Herdsets
14897,8690842403491,BBUM12328X,All / Kochen / Einbauherde / Herdsets
15106,8690842532412,BBUM12341XE,All / Kochen / Einbauherde / Herdsets
15107,8690842507670,BBUM13340XFP,All / Kochen / Einbauherde / Herdsets
14988,Set1,BC6717E02X+ECD643BCSC,All / Kochen / Einbauherde / Herdsets
14410,3838782526046,Black Set 4,All / Kochen / Einbauherde / Herdsets
15041,4242004268628,E1ECD0AN0,All / Kochen / Einbauherde / Herdsets
13346,4242003799604,HE273ABS1,All / Kochen / Einbauherde / Herdsets
12161,8690842288050,HE62080WS,All / Kochen / Einbauherde / Herdsets
15108,8690842561689,HE64090WR,All / Kochen / Einbauherde / Herdsets
14921,8690842561696,HE64090XR,All / Kochen / Einbauherde / Herdsets
14942,8690842561740,HEPMC64090XR,All / Kochen / Einbauherde / Herdsets
15134,8690842636103,HEPMC64095XR,All / Kochen / Einbauherde / Herdsets
13555,3838782526046_,JUMP SET,All / Kochen / Einbauherde / Herdsets
11961,4002515261279,HBB 71,All / Kochen / Einbauherde / Zubehör
13953,4002515261293,HBBL 71,All / Kochen / Einbauherde / Zubehör
4463,4002514845142,HCE60,All / Kochen / Einbauherde / Zubehör
11475,4002515170496,HFC 50,All / Kochen / Einbauherde / Zubehör
13264,4242003832349,HZ438201,All / Kochen / Einbauherde / Zubehör
14090,4242003813386,HZ531000,All / Kochen / Einbauherde / Zubehör
15194,4242003813867,HZ531010,All / Kochen / Einbauherde / Zubehör
15303,4242003813904,HZ538000,All / Kochen / Einbauherde / Zubehör
15052,4242003673553,HZ638200,All / Kochen / Einbauherde / Zubehör
15190,4242003912874,HZ638D00,All / Kochen / Einbauherde / Zubehör
14581,4242003673614,HZ638D30,All / Kochen / Einbauherde / Zubehör
10887,4242003419502,HZ915001 Glasbräter,All / Kochen / Einbauherde / Zubehör
12784,4242003805527,BF525LMS0,All / Kochen / Mikrowellen / Einbaugeräte
12639,4242002813752,BFL634GB1,All / Kochen / Mikrowellen / Einbaugeräte
13095,4242002813769,BFL634GS1,All / Kochen / Mikrowellen / Einbaugeräte
14809,4242002813783,BFL634GW1,All / Kochen / Mikrowellen / Einbaugeräte
15180,4242002813806,BFR634GS1,All / Kochen / Mikrowellen / Einbaugeräte
15047,4242004184546,C17WR00N0 (links),All / Kochen / Mikrowellen / Einbaugeräte
13254,4242004184386,C17WR01N0 (rechts),All / Kochen / Mikrowellen / Einbaugeräte
13070,4242004222767,HLAWD23N0,All / Kochen / Mikrowellen / Einbaugeräte
15040,4242004262831,HLAWG25S3,All / Kochen / Mikrowellen / Einbaugeräte
14155,8690842052767,MWS8171X,All / Kochen / Mikrowellen / Einbaugeräte
15195,4242004266679,NR4GR31N1,All / Kochen / Mikrowellen / Einbaugeräte
15158,3838782637940,H25MOBS1HC,All / Kochen / Mikrowellen / Standgeräte
14104,3838942011757,MMO20DEII,All / Kochen / Mikrowellen / Standgeräte
15260,3838782611537,MO20A4BH,All / Kochen / Mikrowellen / Standgeräte
14915,3838782611544,MO20A4XH,All / Kochen / Mikrowellen / Standgeräte
14980,3838782611209,MO20E1WH,All / Kochen / Mikrowellen / Standgeräte
14981,3838782611513,MO20E2BH,All / Kochen / Mikrowellen / Standgeräte
13265,4242003807330,HK9R3A220,All / Kochen / Standherde
13973,4242003807361,HK9S5A240,All / Kochen / Standherde
14310,7332543769254,CCB54081BW,All / Kochen / Standherde / 50 cm
14311,7332543769261,CCB54481BM,All / Kochen / Standherde / 50 cm
14851,3838782619090_,GEC5A21WG,All / Kochen / Standherde / 50 cm
14985,3838782619090,GECS5A21WG,All / Kochen / Standherde / 50 cm
15004,3838782619632,GECS5C60WPA,All / Kochen / Standherde / 50 cm
14850,3838782625275,GECS5C70XPA,All / Kochen / Standherde / 50 cm
11688,8690842013041,HSC51082WS,All / Kochen / Standherde / 50 cm
14849,3838782637162,GECS6C70WPA,All / Kochen / Standherde / 60 cm
14848,3838782637124,GECS6C70XPA,All / Kochen / Standherde / 60 cm
13261,4242005041893,HKA090220,All / Kochen / Standherde / 60 cm
12249,8690842087011,HSC6382X,All / Kochen / Standherde / 60 cm
15209,4242003803844,BI510CNR0,All / Kochen / Wärmeschublade
14911,4002516128168,ESW7010 brws,All / Kochen / Wärmeschublade
14485,7319599037902,AVFB 1,All / Küchenhelfer
14484,7319599037889,AVFK 1,All / Küchenhelfer
14732,8711369221761,HendiChef IPC,All / Küchenhelfer
15144,4242005403110,TAT4M223,All / Küchenhelfer
14632,5011423002224,HBM 40.002 WH Triblade XL,All / Küchenhelfer / Mixer
14102,5011423196312,HDP 109 WG,All / Küchenhelfer / Mixer
14966,4242002411897,MFQ3530,All / Küchenhelfer / Mixer
14908,4242002556833,MFQ4020,All / Küchenhelfer / Mixer
15293,4242005297047,MFQ49300,All / Küchenhelfer / Mixer
14764,8021098002303,MQ 10.001 M WH,All / Küchenhelfer / Mixer
13882,8021098770547,MQ 100 Curry,All / Küchenhelfer / Mixer
14512,8021098001320_,MQ 7000 HB,All / Küchenhelfer / Mixer
15018,8021098774538,MQ 7000 X,All / Küchenhelfer / Mixer
14708,8021098001320,MQ 7005B HB MultiQuick 7,All / Küchenhelfer / Mixer
14909,4242002941554,MSM24100,All / Küchenhelfer / Mixer
14728,8711369971079,Vakuum Kochbeutel Rolle 280,All / Küchenhelfer / Vacuumierer
14725,8711369201626,Vakuumverpackungsmaschine,All / Küchenhelfer / Vacuumierer
15142,4242005397815,TWK4M223,All / Küchenhelfer / Wasserkocher
14713,5011423192994,KAM 573 ME,All / Küchenmaschinen
14709,5011423206127,KCL95.424SI Cooking Chef XL,All / Küchenmaschinen
15172,5011423002002,KVC65.001WH Titanium Chef Baker,All / Küchenmaschinen
14100,5011423191539,KVL 4110 S,All / Küchenmaschinen
14312,5011423002033,KVL 65.001 WH,All / Küchenmaschinen
14314,5011423002354,KVL 85.124 SI,All / Küchenmaschinen
14313,5011423206097,KWL90.004SI Titanium Chef Patissier XL,All / Küchenmaschinen
12543,4001627003241,Classic C21,All / Küchenmaschinen / Allesschneider
14254,4001627003258,Classic C99,All / Küchenmaschinen / Allesschneider
12680,4001627002510,Master M20,All / Küchenmaschinen / Allesschneider
13918,4001627003289,Master M89,All / Küchenmaschinen / Allesschneider
11600,4001627002343,Master M90,All / Küchenmaschinen / Allesschneider
14302,4016803116134,IRSe 4100 Pure,All / Kühlen & Gefrieren / Einbaugeräte
14461,4016803043515,IRSe 4101 Pure,All / Kühlen & Gefrieren / Einbaugeräte
14624,4242003848289,GI21VAFE0,All / Kühlen & Gefrieren / Einbaugeräte / Gefrierschränke
14626,4016803042211,IFNe 3924 Plus NoFrost,All / Kühlen & Gefrieren / Einbaugeräte / Gefrierschränke
14217,8690842379376,BCSA285K4SN,All / Kühlen & Gefrieren / Einbaugeräte / Kühl-Gefrierkombination
14946,5944008923402,BDSA180K3SN,All / Kühlen & Gefrieren / Einbaugeräte / Kühl-Gefrierkombination
14943,5944008923921,BDSA250K3SN,All / Kühlen & Gefrieren / Einbaugeräte / Kühl-Gefrierkombination
15133,8690842620461,BDSA250K4SN,All / Kühlen & Gefrieren / Einbaugeräte / Kühl-Gefrierkombination
14309,8806092211193,BRB26612FWW/EF,All / Kühlen & Gefrieren / Einbaugeräte / Kühl-Gefrierkombination
14990,8806092138827,BRB26715DWW/EF,All / Kühlen & Gefrieren / Einbaugeräte / Kühl-Gefrierkombination
14858,8806092211407,BRB26715EWW/EF,All / Kühlen & Gefrieren / Einbaugeräte / Kühl-Gefrierkombination
14866,8690842575495,BU1104N,All / Kühlen & Gefrieren / Einbaugeräte / Kühl-Gefrierkombination
14886,8690842381355,BU1153HCN,All / Kühlen & Gefrieren / Einbaugeräte / Kühl-Gefrierkombination
14341,4016803075486,ICBNei 5123 Plus Biofresh,All / Kühlen & Gefrieren / Einbaugeräte / Kühl-Gefrierkombination
13756,4016803043034,ICNd 5123 Plus EasyFresh NoFrost,All / Kühlen & Gefrieren / Einbaugeräte / Kühl-Gefrierkombination
15023,4016803043997,ICNe 5133,All / Kühlen & Gefrieren / Einbaugeräte / Kühl-Gefrierkombination
15226,4016803114499,IRBci 5151,All / Kühlen & Gefrieren / Einbaugeräte / Kühl-Gefrierkombination
14964,4016803043836,IRBd 4570 Peak,All / Kühlen & Gefrieren / Einbaugeräte / Kühl-Gefrierkombination
14252,4016803042471,IRCBf 5121 Plus Kellerfach BioFresh,All / Kühlen & Gefrieren / Einbaugeräte / Kühl-Gefrierkombination
13921,4016803042457,IRCF 5121 Plus Kellerfach Easyfresh,All / Kühlen & Gefrieren / Einbaugeräte / Kühl-Gefrierkombination
14279,4002516379324,K 7731 F,All / Kühlen & Gefrieren / Einbaugeräte / Kühl-Gefrierkombination
14427,4002516379331,K 7741 F,All / Kühlen & Gefrieren / Einbaugeräte / Kühl-Gefrierkombination
15154,4002516379362,KF7772B,All / Kühlen & Gefrieren / Einbaugeräte / Kühl-Gefrierkombination
14501,4242004249047,KI2822FF0,All / Kühlen & Gefrieren / Einbaugeräte / Kühl-Gefrierkombination
14818,4242003908778,KI42LVFE0,All / Kühlen & Gefrieren / Einbaugeräte / Kühl-Gefrierkombination
14021,4242003864272,KI82LADE0,All / Kühlen & Gefrieren / Einbaugeräte / Kühl-Gefrierkombination
14997,4242003945773,KI86NNFE0,All / Kühlen & Gefrieren / Einbaugeräte / Kühl-Gefrierkombination
14801,4242003891193,KI86NNFF0,All / Kühlen & Gefrieren / Einbaugeräte / Kühl-Gefrierkombination
14524,4242003881316,KI86V5SF0,All / Kühlen & Gefrieren / Einbaugeräte / Kühl-Gefrierkombination
14957,4242003858493,KI87SADE0,All / Kühlen & Gefrieren / Einbaugeräte / Kühl-Gefrierkombination
15208,4242003875285,KI87VVFE1,All / Kühlen & Gefrieren / Einbaugeräte / Kühl-Gefrierkombination
14052,4242005127016,KIL20NFF0,All / Kühlen & Gefrieren / Einbaugeräte / Kühl-Gefrierkombination
14952,4242005290055,KIL32VFE0,All / Kühlen & Gefrieren / Einbaugeräte / Kühl-Gefrierkombination
14953,4242005290024,KIR31VFE0,All / Kühlen & Gefrieren / Einbaugeräte / Kühl-Gefrierkombination
14256,3838782167959,NRKI2181E1,All / Kühlen & Gefrieren / Einbaugeräte / Kühl-Gefrierkombination
14841,3838782605413,NRKI518EA1,All / Kühlen & Gefrieren / Einbaugeräte / Kühl-Gefrierkombination
15243,8690842605918,BSSA315E4FN,All / Kühlen & Gefrieren / Einbaugeräte / Kühlschränke
14276,4016803043867,IRBe 5120 Plus BioFresh,All / Kühlen & Gefrieren / Einbaugeräte / Kühlschränke
14298,4016803114376,IRBe 5121 Plus BioFresh,All / Kühlen & Gefrieren / Einbaugeräte / Kühlschränke
14777,4016803109419,IRE 3900 Pure,All / Kühlen & Gefrieren / Einbaugeräte / Kühlschränke
12992,4016803113133,IRSF 3900 Pure,All / Kühlen & Gefrieren / Einbaugeräte / Kühlschränke
14855,4016803109877,IRSe 3900 Pure,All / Kühlen & Gefrieren / Einbaugeräte / Kühlschränke
14073,8690842371066,KI12203,All / Kühlen & Gefrieren / Einbaugeräte / Kühlschränke
14867,8690842496967,KI12245,All / Kühlen & Gefrieren / Einbaugeräte / Kühlschränke
14973,8690842497001,KI12250,All / Kühlen & Gefrieren / Einbaugeräte / Kühlschränke
14621,4242003921661,KI41R2FE1,All / Kühlen & Gefrieren / Einbaugeräte / Kühlschränke
14819,4242003904824,KI41RVFE0,All / Kühlen & Gefrieren / Einbaugeräte / Kühlschränke
12431,4242003884515,KI81RADE0,All / Kühlen & Gefrieren / Einbaugeräte / Kühlschränke
14479,8690842496943,KIC1453,All / Kühlen & Gefrieren / Einbaugeräte / Kühlschränke
15143,4242005271795,KIL42VFE0,All / Kühlen & Gefrieren / Einbaugeräte / Kühlschränke
14894,8690842371271,KIR2134-2,All / Kühlen & Gefrieren / Einbaugeräte / Kühlschränke
14895,8690842562532,KIR2140,All / Kühlen & Gefrieren / Einbaugeräte / Kühlschränke
14931,8690842580161,KTS1135,All / Kühlen & Gefrieren / Einbaugeräte / Kühlschränke
15227,4242003933350,Ki81RVFE0,All / Kühlen & Gefrieren / Einbaugeräte / Kühlschränke
14792,3838782655142,ORB615DR,All / Kühlen & Gefrieren / Einbaugeräte / Kühlschränke
15214,7333394023014,OSF5O881EE,All / Kühlen & Gefrieren / Einbaugeräte / Kühlschränke
15223,7333394026022,OSF5O88ES,All / Kühlen & Gefrieren / Einbaugeräte / Kühlschränke
15201,7333394025551,OSK5O88EE,All / Kühlen & Gefrieren / Einbaugeräte / Kühlschränke
15205,7333394026176,OSK5O88ES,All / Kühlen & Gefrieren / Einbaugeräte / Kühlschränke
14646,7332543732548,SKB588E1AS,All / Kühlen & Gefrieren / Einbaugeräte / Kühlschränke
14238,7332543725151,SKB588F1AE,All / Kühlen & Gefrieren / Einbaugeräte / Kühlschränke
14122,7332543724734,SKB688E1AF,All / Kühlen & Gefrieren / Einbaugeräte / Kühlschränke
15218,7333394027029,TSF5O88WDF,All / Kühlen & Gefrieren / Einbaugeräte / Kühlschränke
15203,7333394027111,TSK5O88WDF,All / Kühlen & Gefrieren / Einbaugeräte / Kühlschränke
14961,8690842487002,BSSA210K4SN,All / Kühlen & Gefrieren / Einbaugeräte / Kühlschränke (Gefrierfach oben)
14962,8690842573477,BU1154HCN,All / Kühlen & Gefrieren / Einbaugeräte / Kühlschränke (Gefrierfach oben)
14778,4016803113119,IRE 3901 Pure,All / Kühlen & Gefrieren / Einbaugeräte / Kühlschränke (Gefrierfach oben)
13424,4016803043430,IRSF 3901 Pure,All / Kühlen & Gefrieren / Einbaugeräte / Kühlschränke (Gefrierfach oben)
14856,4016803114093,IRSe 3901 Pure,All / Kühlen & Gefrieren / Einbaugeräte / Kühlschränke (Gefrierfach oben)
14629,3838782172601,RFI4152P1,All / Kühlen & Gefrieren / Einbaugeräte / Kühlschränke (Gefrierfach oben)
14538,7332543750900,SFB688F1AE,All / Kühlen & Gefrieren / Einbaugeräte / Kühlschränke (Gefrierfach oben)
14187,7332543742974,SFB688F1AF,All / Kühlen & Gefrieren / Einbaugeräte / Kühlschränke (Gefrierfach oben)
14188,7332543750511,SFB688F1AS,All / Kühlen & Gefrieren / Einbaugeräte / Kühlschränke (Gefrierfach oben)
15174,6921727063854,RQ760N4AFE Multi Door,All / Kühlen & Gefrieren / Frech-Door Side-by-Side
15186,6921727063847,RQ760N4AIE Multi Door,All / Kühlen & Gefrieren / Frech-Door Side-by-Side
14027,8690842342349,SBSQ4467X,All / Kühlen & Gefrieren / Frech-Door Side-by-Side
14887,8690842388712,SBSQ4470DX,All / Kühlen & Gefrieren / Frech-Door Side-by-Side
15057,7332543722600,AHB526D1LW,All / Kühlen & Gefrieren / Gefriertruhen
15056,7332543721733,AHB531D1LW,All / Kühlen & Gefrieren / Gefriertruhen
15234,8690842609671,CF100EWN,All / Kühlen & Gefrieren / Gefriertruhen
15236,8690842609688,CF200EWN,All / Kühlen & Gefrieren / Gefriertruhen
14554,9550000035058,CFd 2505,All / Kühlen & Gefrieren / Gefriertruhen
14932,9550000034471,CFe 2500 Pure,All / Kühlen & Gefrieren / Gefriertruhen
14690,3838782571244,FH25EAW,All / Kühlen & Gefrieren / Gefriertruhen
14945,3838782429446,FH302CW,All / Kühlen & Gefrieren / Gefriertruhen
15270,3838782762079,FH30DAW,All / Kühlen & Gefrieren / Gefriertruhen
14843,3838782429460,FH451CW,All / Kühlen & Gefrieren / Gefriertruhen
14673,8690842372858,GFT 3691,All / Kühlen & Gefrieren / Gefriertruhen
13930,5944008924539,HSA24540N,All / Kühlen & Gefrieren / Gefriertruhen
13929,5944008924331,HSA29540N,All / Kühlen & Gefrieren / Gefriertruhen
13998,5944008924546,HSA47530N,All / Kühlen & Gefrieren / Gefriertruhen
14999,8690842574122,HSM14540,All / Kühlen & Gefrieren / Gefriertruhen
15105,8690842580697,HSM29540,All / Kühlen & Gefrieren / Gefriertruhen
14976,8690842571299,HSM47530,All / Kühlen & Gefrieren / Gefriertruhen
14782,8690842441929,GN162341XBN,All / Kühlen & Gefrieren / Side-By-Side
14783,8690842380235,GN163140ZGBN,All / Kühlen & Gefrieren / Side-By-Side
15149,8997833200,GNO4332XPN,All / Kühlen & Gefrieren / Side-By-Side
15008,3838782699368,NRR9185EABXL,All / Kühlen & Gefrieren / Side-By-Side
14881,3838782684449,NRR9185EAXL,All / Kühlen & Gefrieren / Side-By-Side
13844,3838782401480,NRS9182VB Schwarz,All / Kühlen & Gefrieren / Side-By-Side
13524,3838782172762,NRS9182VX,All / Kühlen & Gefrieren / Side-By-Side
14162,3838782485541,NRS918EMX,All / Kühlen & Gefrieren / Side-By-Side
15002,3838782677410,NRS918EVB,All / Kühlen & Gefrieren / Side-By-Side
14846,3838782657825,NRS9EVB,All / Kühlen & Gefrieren / Side-By-Side
14845,3838782657818,NRS9EVX,All / Kühlen & Gefrieren / Side-By-Side
15032,8806095006659,RS68CG853ES9EF,All / Kühlen & Gefrieren / Side-By-Side
14873,8806090805868,RS6HA8891B1/EF,All / Kühlen & Gefrieren / Side-By-Side
14786,8806090805882,RS6HA8891SL/EF,All / Kühlen & Gefrieren / Side-By-Side
14315,8690842458309,SBS54206X,All / Kühlen & Gefrieren / Side-By-Side
13997,7332543741007,ATB48E1AW,All / Kühlen & Gefrieren / Standgeräte
13850,3838782408038,F4142PW,All / Kühlen & Gefrieren / Standgeräte
14045,3838782407697,RF4142PW4,All / Kühlen & Gefrieren / Standgeräte
13793,3838942791482,RVC6299W,All / Kühlen & Gefrieren / Standgeräte
15225,9120095799427,FK 2300,All / Kühlen & Gefrieren / Standgeräte / Flaschenkühlschrank
15224,9120128240742,FK 2560,All / Kühlen & Gefrieren / Standgeräte / Flaschenkühlschrank
15120,7332543810970,ATB68E7NW,All / Kühlen & Gefrieren / Standgeräte / Gefrierschränke
11868,4002515108994,F 12016 S-2,All / Kühlen & Gefrieren / Standgeräte / Gefrierschränke
13865,3838782407741,F492PW,All / Kühlen & Gefrieren / Standgeräte / Gefrierschränke
15159,3838782736483,F49DPW,All / Kühlen & Gefrieren / Standgeräte / Gefrierschränke
14704,4002516516934,FN 4312 E ws,All / Kühlen & Gefrieren / Standgeräte / Gefrierschränke
14722,4002516516941,FN 4322 E ws,All / Kühlen & Gefrieren / Standgeräte / Gefrierschränke
14742,4002516516958,FN 4342 e ws,All / Kühlen & Gefrieren / Standgeräte / Gefrierschränke
14705,4002516516965,FN 4372 E ws,All / Kühlen & Gefrieren / Standgeräte / Gefrierschränke
14757,3838782647499,FN619DAXL6,All / Kühlen & Gefrieren / Standgeräte / Gefrierschränke
14682,4002516517009,FNS 4382 E el,All / Kühlen & Gefrieren / Standgeräte / Gefrierschränke
14756,4016803088233,FNb 5056 Prime NoFrost,All / Kühlen & Gefrieren / Standgeräte / Gefrierschränke
14857,4016803131656,FNc 7227 Plus NoFrost,All / Kühlen & Gefrieren / Standgeräte / Gefrierschränke
15137,4016803090120,FNd7227,All / Kühlen & Gefrieren / Standgeräte / Gefrierschränke
15136,4016803094456,FNdi1624,All / Kühlen & Gefrieren / Standgeräte / Gefrierschränke
14558,4016803055952,FNe 4224 Plus NoFrost,All / Kühlen & Gefrieren / Standgeräte / Gefrierschränke
14557,4016803055976,FNe 4625 Plus NoFrost,All / Kühlen & Gefrieren / Standgeräte / Gefrierschränke
14556,4016803056010,FNe 5026 Plus NoFrost,All / Kühlen & Gefrieren / Standgeräte / Gefrierschränke
14555,4016803056072,FNe 5227 Plus NoFrost,All / Kühlen & Gefrieren / Standgeräte / Gefrierschränke
15167,8690842562570,FSN7990,All / Kühlen & Gefrieren / Standgeräte / Gefrierschränke
14765,8690842531576,FSN8951-2,All / Kühlen & Gefrieren / Standgeräte / Gefrierschränke
14028,8690842372780,FSN9763,All / Kühlen & Gefrieren / Standgeräte / Gefrierschränke
14834,8690842531552,FSN9851-2,All / Kühlen & Gefrieren / Standgeräte / Gefrierschränke
13963,8690842372766,FSN9863,All / Kühlen & Gefrieren / Standgeräte / Gefrierschränke
15001,8690842497483,FSN9870,All / Kühlen & Gefrieren / Standgeräte / Gefrierschränke
14978,8690842562587,FSN9950,All / Kühlen & Gefrieren / Standgeräte / Gefrierschränke
15135,4016803094913,Fe1404,All / Kühlen & Gefrieren / Standgeräte / Gefrierschränke
14023,4242003888643,GS29NVWEP,All / Kühlen & Gefrieren / Standgeräte / Gefrierschränke
14050,4242003888667,GS33NVWEP,All / Kühlen & Gefrieren / Standgeräte / Gefrierschränke
14089,4242003869345,GS54NUWDV,All / Kühlen & Gefrieren / Standgeräte / Gefrierschränke
14689,4242003895429,GS58NAWCV,All / Kühlen & Gefrieren / Standgeräte / Gefrierschränke
13901,4242003866955,GS58NDWDP,All / Kühlen & Gefrieren / Standgeräte / Gefrierschränke
14824,4242005260904,GSN36VLEP,All / Kühlen & Gefrieren / Standgeräte / Gefrierschränke
13776,4242005191611,GSN51DWDP,All / Kühlen & Gefrieren / Standgeräte / Gefrierschränke
14810,4242005270514,GSN58AWCV,All / Kühlen & Gefrieren / Standgeräte / Gefrierschränke
13749,4242005191116,GSN58DWDV,All / Kühlen & Gefrieren / Standgeräte / Gefrierschränke
14761,8690842499166,B3RCNA364HXB,All / Kühlen & Gefrieren / Standgeräte / Kühl-Gefrierkombination
14998,8690842522222,B5RCNE405HXB,All / Kühlen & Gefrieren / Standgeräte / Kühl-Gefrierkombination
15235,8690842635960,B7RCNE408HG,All / Kühlen & Gefrieren / Standgeräte / Kühl-Gefrierkombination
15232,8690842525131,B7RCNE595ZXPW,All / Kühlen & Gefrieren / Standgeräte / Kühl-Gefrierkombination
14654,4016803100812,CBNbda 5723 Plus,All / Kühlen & Gefrieren / Standgeräte / Kühl-Gefrierkombination
14653,4016803100850,CBNbsa 5753 Prime,All / Kühlen & Gefrieren / Standgeräte / Kühl-Gefrierkombination
14642,4016803123637,CBNsda 5723 Plus,All / Kühlen & Gefrieren / Standgeräte / Kühl-Gefrierkombination
14641,4016803100836,CBNsda 5753 Prime,All / Kühlen & Gefrieren / Standgeräte / Kühl-Gefrierkombination
15249,4016803128878,CBNsfc5223,All / Kühlen & Gefrieren / Standgeräte / Kühl-Gefrierkombination
15248,4016803129158,CBNsfc572i,All / Kühlen & Gefrieren / Standgeräte / Kühl-Gefrierkombination
14551,4016803087892,CNbdc 5733 Plus NoFrost,All / Kühlen & Gefrieren / Standgeräte / Kühl-Gefrierkombination
15247,4016803148050,CNcmy5203 explo,All / Kühlen & Gefrieren / Standgeräte / Kühl-Gefrierkombination
14545,4016803090724,CNd 5203 Pure NoFrost,All / Kühlen & Gefrieren / Standgeräte / Kühl-Gefrierkombination
14547,4016803091011,CNd 5703 Pure NoFrost,All / Kühlen & Gefrieren / Standgeräte / Kühl-Gefrierkombination
14937,4016803091578,CNd 5724 Plus NoFrost,All / Kühlen & Gefrieren / Standgeräte / Kühl-Gefrierkombination
14550,4016803091639,CNd 5734 EasyFresh NoFrost,All / Kühlen & Gefrieren / Standgeräte / Kühl-Gefrierkombination
15085,4016803121312,CNdmy 5223 darkblue,All / Kühlen & Gefrieren / Standgeräte / Kühl-Gefrierkombination
15083,4016803138259,CNdmy 5223 explosion,All / Kühlen & Gefrieren / Standgeräte / Kühl-Gefrierkombination
15080,4016803121374,CNdmy 5223 lightblue,All / Kühlen & Gefrieren / Standgeräte / Kühl-Gefrierkombination
15086,4016803121275,CNdmy 5223 lightgreen,All / Kühlen & Gefrieren / Standgeräte / Kühl-Gefrierkombination
15084,4016803121299,CNdmy 5223 red,All / Kühlen & Gefrieren / Standgeräte / Kühl-Gefrierkombination
15082,4016803121336,CNdmy 5223 winered,All / Kühlen & Gefrieren / Standgeräte / Kühl-Gefrierkombination
15081,4016803121176,CNdmy 5223 yellow,All / Kühlen & Gefrieren / Standgeräte / Kühl-Gefrierkombination
14552,4016803055006,CNef 5735 BioCool NoFrost,All / Kühlen & Gefrieren / Standgeräte / Kühl-Gefrierkombination
14546,4016803126638,CNsfd 5203 Pure NoFrost,All / Kühlen & Gefrieren / Standgeräte / Kühl-Gefrierkombination
14549,4016803091530,CNsfd 5224 Plus EasyFresh,All / Kühlen & Gefrieren / Standgeräte / Kühl-Gefrierkombination
14548,4016803091110,CNsfd 5703 Pure NoFrost,All / Kühlen & Gefrieren / Standgeräte / Kühl-Gefrierkombination
14933,4016803091585,CNsfd 5724 Plus Easyfresh und NoFrost,All / Kühlen & Gefrieren / Standgeräte / Kühl-Gefrierkombination
14035,4016803101291,CU 2831 SmartFrost,All / Kühlen & Gefrieren / Standgeräte / Kühl-Gefrierkombination
15138,4016803145615,CUe2831,All / Kühlen & Gefrieren / Standgeräte / Kühl-Gefrierkombination
14612,8059019046655,HOCE 4 T 618 EB,All / Kühlen & Gefrieren / Standgeräte / Kühl-Gefrierkombination
14687,4002516528241,KD 4052 E el Active,All / Kühlen & Gefrieren / Standgeräte / Kühl-Gefrierkombination
14678,4002516528234,KD 4072 E el Active,All / Kühlen & Gefrieren / Standgeräte / Kühl-Gefrierkombination
14674,4002516528272,KDN 4074 E Active el,All / Kühlen & Gefrieren / Standgeräte / Kühl-Gefrierkombination
14685,4002516528289,KDN 4074 E Active ws,All / Kühlen & Gefrieren / Standgeräte / Kühl-Gefrierkombination
14675,4002516515951,KFN 4375 DD Edelstahllook,All / Kühlen & Gefrieren / Standgeräte / Kühl-Gefrierkombination
14686,4002516515944,KFN 4375 DD ws,All / Kühlen & Gefrieren / Standgeräte / Kühl-Gefrierkombination
14679,4002516515388,KFN 4395 DD Edelstahl-Look,All / Kühlen & Gefrieren / Standgeräte / Kühl-Gefrierkombination
14680,4002516515982,KFN 4395 DD ws,All / Kühlen & Gefrieren / Standgeräte / Kühl-Gefrierkombination
15300,4242003869444,KG36EALCA,All / Kühlen & Gefrieren / Standgeräte / Kühl-Gefrierkombination
15299,4242003946763,KG36NXXBF,All / Kühlen & Gefrieren / Standgeräte / Kühl-Gefrierkombination
15146,4242003896297,KG39NXICF,All / Kühlen & Gefrieren / Standgeräte / Kühl-Gefrierkombination
15301,4242003919347,KG39NXXCF,All / Kühlen & Gefrieren / Standgeräte / Kühl-Gefrierkombination
14137,4242003873328,KG49EAICA,All / Kühlen & Gefrieren / Standgeräte / Kühl-Gefrierkombination
15145,4242003922859,KG49NXXCF,All / Kühlen & Gefrieren / Standgeräte / Kühl-Gefrierkombination
14565,4242003874509,KG49NXXEA,All / Kühlen & Gefrieren / Standgeräte / Kühl-Gefrierkombination
14869,4242005292011,KGN492IDF,All / Kühlen & Gefrieren / Standgeräte / Kühl-Gefrierkombination
13959,8690842353734,KSN93401X Erntefrisch,All / Kühlen & Gefrieren / Standgeräte / Kühl-Gefrierkombination
14823,4242005202195,KSV36VLEP,All / Kühlen & Gefrieren / Standgeräte / Kühl-Gefrierkombination
14775,3838782651311,N61EA2XL4,All / Kühlen & Gefrieren / Standgeräte / Kühl-Gefrierkombination
14257,3838782408472,NRK4181CW4,All / Kühlen & Gefrieren / Standgeräte / Kühl-Gefrierkombination
15267,3838782772337,NRK418EES4,All / Kühlen & Gefrieren / Standgeräte / Kühl-Gefrierkombination
14944,3838782647475,NRK612AXL4,All / Kühlen & Gefrieren / Standgeräte / Kühl-Gefrierkombination
14925,3838782649264,NRK619DA2XL4,All / Kühlen & Gefrieren / Standgeräte / Kühl-Gefrierkombination
14930,3838782495304,NRK619EABXL4,All / Kühlen & Gefrieren / Standgeräte / Kühl-Gefrierkombination
15003,3838782637902,R619EES5 silber,All / Kühlen & Gefrieren / Standgeräte / Kühl-Gefrierkombination
14926,8806094767858,RB34C600CSA/EF,All / Kühlen & Gefrieren / Standgeräte / Kühl-Gefrierkombination
14533,8690842394942,RCNA366E61XPN,All / Kühlen & Gefrieren / Standgeräte / Kühl-Gefrierkombination
14625,7332543738083,RDB424E1AW,All / Kühlen & Gefrieren / Standgeräte / Kühl-Gefrierkombination
14347,7332543738007,RDB424E1AX,All / Kühlen & Gefrieren / Standgeräte / Kühl-Gefrierkombination
14842,3838782476921,RF312FPW,All / Kühlen & Gefrieren / Standgeräte / Kühl-Gefrierkombination
14543,3838782408465,RK4182PS4,All / Kühlen & Gefrieren / Standgeräte / Kühl-Gefrierkombination
15268,3838782712159,RK418DPS4,All / Kühlen & Gefrieren / Standgeräte / Kühl-Gefrierkombination
15188,4002516742135,KS 4383 DD,All / Kühlen & Gefrieren / Standgeräte / Kühlschränke
14683,4002516515371,KS 4383 ED Edelstahl-Look,All / Kühlen & Gefrieren / Standgeräte / Kühlschränke
15189,4242005305018,KSV36VXEP,All / Kühlen & Gefrieren / Standgeräte / Kühlschränke
13941,8690842370717,KTS1131-2,All / Kühlen & Gefrieren / Standgeräte / Kühlschränke
13942,8690842322686,KTS1145-3,All / Kühlen & Gefrieren / Standgeräte / Kühlschränke
13862,3838782408113,R4142PS,All / Kühlen & Gefrieren / Standgeräte / Kühlschränke
13861,3838782407802,R4142PW,All / Kühlen & Gefrieren / Standgeräte / Kühlschränke
14659,3838782649592,R619DAXL6,All / Kühlen & Gefrieren / Standgeräte / Kühlschränke
14852,3838782637896,R619EEW5,All / Kühlen & Gefrieren / Standgeräte / Kühlschränke
15206,7332543759644,RKB524F1AW,All / Kühlen & Gefrieren / Standgeräte / Kühlschränke
14248,7332543760688,RKB524F1AX,All / Kühlen & Gefrieren / Standgeräte / Kühlschränke
15007,3838782755873,RF212EPW4,All / Kühlen & Gefrieren / Standgeräte / Kühlschränke (Gefrierfach oben)
15166,8690842469220,FSE1174N,All / Kühlen & Gefrieren / Standgeräte / Tisch-Gefrierschränke (Tabletop)
13420,4016803060192,GNP 1066 Premium NoFrost,All / Kühlen & Gefrieren / Standgeräte / Tisch-Gefrierschränke (Tabletop)
14941,4016803088738,GNP 1076 Premium NoFrost,All / Kühlen & Gefrieren / Standgeräte / Tisch-Gefrierschränke (Tabletop)
11853,7332543421084,ZFX31401WA,All / Kühlen & Gefrieren / Standgeräte / Tisch-Gefrierschränke (Tabletop)
14960,7332543981625,ORT541EW,All / Kühlen & Gefrieren / Standgeräte / Tisch-Kühlschränke (Tabletop)
14919,3838782635649,R291PW4,All / Kühlen & Gefrieren / Standgeräte / Tisch-Kühlschränke (Tabletop)
13858,3838782407390,R391PW4,All / Kühlen & Gefrieren / Standgeräte / Tisch-Kühlschränke (Tabletop)
14630,3838782576256,R39FPW4,All / Kühlen & Gefrieren / Standgeräte / Tisch-Kühlschränke (Tabletop)
13869,3838782407468,R492PW,All / Kühlen & Gefrieren / Standgeräte / Tisch-Kühlschränke (Tabletop)
15269,3838782736476,R49DPW,All / Kühlen & Gefrieren / Standgeräte / Tisch-Kühlschränke (Tabletop)
14644,3838782572616,RB39FPW4,All / Kühlen & Gefrieren / Standgeräte / Tisch-Kühlschränke (Tabletop)
13864,3838782407499,RB492PW,All / Kühlen & Gefrieren / Standgeräte / Tisch-Kühlschränke (Tabletop)
14763,7332543809400,RTB415E2AW,All / Kühlen & Gefrieren / Standgeräte / Tisch-Kühlschränke (Tabletop)
15246,4016803118930,Rd1401,All / Kühlen & Gefrieren / Standgeräte / Tisch-Kühlschränke (Tabletop)
15245,4016803094517,Re1200 Pure,All / Kühlen & Gefrieren / Standgeräte / Tisch-Kühlschränke (Tabletop)
15244,4016803094692,Re1201 Pure,All / Kühlen & Gefrieren / Standgeräte / Tisch-Kühlschränke (Tabletop)
14219,4016803059578,T 1414 Comfort,All / Kühlen & Gefrieren / Standgeräte / Tisch-Kühlschränke (Tabletop)
14559,4016803059936,TP 1434 Comfort,All / Kühlen & Gefrieren / Standgeräte / Tisch-Kühlschränke (Tabletop)
13980,9005382232651,MRFvc 3511 Glastür,All / Kühlen & Gefrieren / Weinschränke
14924,6921727067890,RW17W4NWLG0,All / Kühlen & Gefrieren / Weinschränke
14947,9005382244050,WPbli 5231 GrandCru,All / Kühlen & Gefrieren / Weinschränke
15151,9005382234075,EWTgb2823,All / Kühlen & Gefrieren / Weinschränke / Einbaugeräte
15026,9005382243893,WSbl 4201,All / Kühlen & Gefrieren / Weinschränke / Standgeräte
15241,4029156500208,"2-teilige Teleskopstange 1,8m - 3,6m",All / Poolchemie
12720,4029156061037,Alba Super K 5 l,All / Poolchemie
10672,4029156133116,Banisol Randreiniger 1L,All / Poolchemie
10673,4029156110919,Beckenreiniger Flisan 1L,All / Poolchemie
14569,4038755033390,Bodensauger mit seitlichen Bürsten,All / Poolchemie
8787,4029156050130,Chlorgranulat 5 kg,All / Poolchemie
10426,4029156039524,Chlortabletten 5kg,All / Poolchemie
15239,4029156102310,Edelstahlreiniger 1 l,All / Poolchemie
14571,4029156090112,Flockfix flüssig 1 l,All / Poolchemie
10427,4029156039531,Multifunktionstabletten 5kg 200g,All / Poolchemie
14570,4049991081786,Pooltester ,All / Poolchemie
14861,4038755033529,Wasserteststreifen (50Stück),All / Poolchemie
10550,4029156070213,Winterfit 1 l,All / Poolchemie
11457,4029156081141,pH-Minus Granulat 15 kg,All / Poolchemie
13203,4029156081134,pH-Minus Granulat 5 kg,All / Poolchemie
14720,7332543822836,AB61H6SW,All / Raum & Bodenpflege / Staubsauger
14481,7332543774944,AL61H4SW,All / Raum & Bodenpflege / Staubsauger
14905,4242005183135,BBHF214R,All / Raum & Bodenpflege / Staubsauger
12529,4002515833834,SCOUT RX 2 SLQL 0 00,All / Raum & Bodenpflege / Staubsauger
14517,8004399015760,XLM417.WRG Colombina Evo,All / Raum & Bodenpflege / Staubsauger
15126,7333394022178,AB51C2DG,All / Raum & Bodenpflege / Staubsauger / Staubsauger mit Beutel
14634,4002516553847,Classic C 1 Powerline - SBAF5 Mangorot,All / Raum & Bodenpflege / Staubsauger / Staubsauger mit Beutel
15097,4002516743668,Complete C 3 125 Edition Blau,All / Raum & Bodenpflege / Staubsauger / Staubsauger mit Beutel
15101,4002516743699,Complete C 3 125 Gala Edition Graphitgrau,All / Raum & Bodenpflege / Staubsauger / Staubsauger mit Beutel
14860,4002516598411,Complete C 3 Active Parquet - SGDF3 weiss,All / Raum & Bodenpflege / Staubsauger / Staubsauger mit Beutel
14760,4002516554721,Complete C 3 Cat & Dog Flex SGEF5 Mangorot,All / Raum & Bodenpflege / Staubsauger / Staubsauger mit Beutel
14635,4002515824573,Complete C 3 Cat&Dog SGEF3 Powerline - Brombeerrot,All / Raum & Bodenpflege / Staubsauger / Staubsauger mit Beutel
14839,4002516592549,Complete C 3 Starlight SGSG 3,All / Raum & Bodenpflege / Staubsauger / Staubsauger mit Beutel
13287,7332543656585,VX 6-2-ÖKO X,All / Raum & Bodenpflege / Staubsauger / Staubsauger mit Beutel
14304,900 258 512,VX 82-1-4 MB,All / Raum & Bodenpflege / Staubsauger / Staubsauger mit Beutel
15102,4002516742401,Boost CX 1 125 Edition weiss,All / Raum & Bodenpflege / Staubsauger / Staubsauger ohne Beutel
15103,4002516742838,Boost CX 1 125 Gala Edition Obsidianschwarz,All / Raum & Bodenpflege / Staubsauger / Staubsauger ohne Beutel
14700,4002516598923,Boost CX 1 Active SNRF3,All / Raum & Bodenpflege / Staubsauger / Staubsauger ohne Beutel
14954,4002516458425,Boost CX 1 Allergy Kaschmiergrau,All / Raum & Bodenpflege / Staubsauger / Staubsauger ohne Beutel
14428,4002516365945,Boost CX 1 Cat & Dog PowerLine SNCF0,All / Raum & Bodenpflege / Staubsauger / Staubsauger ohne Beutel
14381,4002516365938,Boost CX 1 Parquet PowerLine SNCF0,All / Raum & Bodenpflege / Staubsauger / Staubsauger ohne Beutel
14562,4002516365976,Boost CX1 PowerLine SNRF0 graphitgrau,All / Raum & Bodenpflege / Staubsauger / Staubsauger ohne Beutel
13010,7332543656448,LX7-2 ÖKO X,All / Raum & Bodenpflege / Staubsauger / Staubsauger ohne Beutel
14305,7332543693351,LX9-3-STM,All / Raum & Bodenpflege / Staubsauger / Staubsauger ohne Beutel
15125,7333394011769,AW81U3DB,All / Raum & Bodenpflege / Staubsauger / Sticksauger & Akkusauger
14904,4242005307104,BSS711W Unlimited Serie 7,All / Raum & Bodenpflege / Staubsauger / Sticksauger & Akkusauger
14969,4002516785767,Duoflex HX1 CarCare Casagrau,All / Raum & Bodenpflege / Staubsauger / Sticksauger & Akkusauger
14970,4002516715306,Duoflex HX1 Cat & Dog Obsidianschwarz,All / Raum & Bodenpflege / Staubsauger / Sticksauger & Akkusauger
14968,4002516714576,Duoflex HX1 Nordicblau Brilliantweiß,All / Raum & Bodenpflege / Staubsauger / Sticksauger & Akkusauger
13735,7332543595129,FX 9-1-ANIM,All / Raum & Bodenpflege / Staubsauger / Sticksauger & Akkusauger
14306,7332543723102,QX 7-1-50 IB,All / Raum & Bodenpflege / Staubsauger / Sticksauger & Akkusauger
14307,7332543667765,QX 9-1-50 IB,All / Raum & Bodenpflege / Staubsauger / Sticksauger & Akkusauger
15075,7332543667789,QX 9-1-ALRG,All / Raum & Bodenpflege / Staubsauger / Sticksauger & Akkusauger
14721,733543744565,QX-9-1-ULT,All / Raum & Bodenpflege / Staubsauger / Sticksauger & Akkusauger
14703,4002516445555,Triflex HX1 Facelift SMUL1 Lotosweiss,All / Raum & Bodenpflege / Staubsauger / Sticksauger & Akkusauger
15098,4002516742661,Triflex HX2 125 Gala Edition,All / Raum & Bodenpflege / Staubsauger / Sticksauger & Akkusauger
14702,4002516445593,Triflex HX2 Cat&Dog obsidianschwarz,All / Raum & Bodenpflege / Staubsauger / Sticksauger & Akkusauger
15035,4002516445913,Triflex HX2 Performance Kaschmirgrau,All / Raum & Bodenpflege / Staubsauger / Sticksauger & Akkusauger
14701,4002516445609,Triflex HX2 Pro SOML0,All / Raum & Bodenpflege / Staubsauger / Sticksauger & Akkusauger
14603,4002516445920,Triflex HX2 Runner SOML 5,All / Raum & Bodenpflege / Staubsauger / Sticksauger & Akkusauger
12708,7319599030873,AZE 125,All / Raum & Bodenpflege / Staubsauger / Zubehör
8241,3023372025669,2001,All / Raum & Bodenpflege / Staubsauger / Zubehör / Staubbeutel & Filter
11632,7319599011070,AEF 136,All / Raum & Bodenpflege / Staubsauger / Zubehör / Staubbeutel & Filter
14487,7319599037537,AZE 138,All / Raum & Bodenpflege / Staubsauger / Zubehör / Staubbeutel & Filter
3136,991771000019,FJM Hyclean 3D,All / Raum & Bodenpflege / Staubsauger / Zubehör / Staubbeutel & Filter
14803,4002516678182,GN HyClean Pure,All / Raum & Bodenpflege / Staubsauger / Zubehör / Staubbeutel & Filter
12780,4002515767207,GN XL HyClean 3D XL-Pack,All / Raum & Bodenpflege / Staubsauger / Zubehör / Staubbeutel & Filter
14938,4002515719527,GN XXL HyClean 3D,All / Raum & Bodenpflege / Staubsauger / Zubehör / Staubbeutel & Filter
14308,7319599031764,GR 201 S,All / Raum & Bodenpflege / Staubsauger / Zubehör / Staubbeutel & Filter
15265,4002516782797,XL-Pack HyCl.Pure GN + HA50,All / Raum & Bodenpflege / Staubsauger / Zubehör / Staubbeutel & Filter
14989,8690842487590,BDDN38640XD,All / Spülen / Einbaugeräte
14471,3838782574443,GI520E15X,All / Spülen / Einbaugeräte
14120,3838782411342,GI62040X,All / Spülen / Einbaugeräte
14456,4002516316206,G 5430 SCU clst,All / Spülen / Einbaugeräte / 45 cm
13934,4002516316220,G 5430 Sci SL Active clst,All / Spülen / Einbaugeräte / 45 cm
15000,8690842198809,GIS54062X,All / Spülen / Einbaugeräte / 45 cm
15183,4242004275947,S855EKX06E,All / Spülen / Einbaugeräte / 45 cm
14111,4242004247869,S855EKX14E,All / Spülen / Einbaugeräte / 45 cm
15187,4242004275961,S857ZMX03E,All / Spülen / Einbaugeräte / 45 cm
15168,4242005421930,SPI4HKS49E,All / Spülen / Einbaugeräte / 45 cm
14199,4242005224296,SPI4HKS53E,All / Spülen / Einbaugeräte / 45 cm
14955,4242005421947,SPU4HKS49E,All / Spülen / Einbaugeräte / 45 cm
14015,4242005224333,SPU4HKS53E,All / Spülen / Einbaugeräte / 45 cm
15304,4242003945186,SR43ES24KE,All / Spülen / Einbaugeräte / 45 cm
15128,4242003944233,SR43HS74KE,All / Spülen / Einbaugeräte / 45 cm
15024,4242003944189,SR53ES24KE,All / Spülen / Einbaugeräte / 45 cm
14426,4242003879801,SR53ES28KE,All / Spülen / Einbaugeräte / 45 cm
14390,8690842403736,BDIT38530DXL,All / Spülen / Einbaugeräte / 60 cm
14875,8690842576416,BDSN15422X,All / Spülen / Einbaugeräte / 60 cm
14893,8690842495786,DSN28640X,All / Spülen / Einbaugeräte / 60 cm
13123,8690842234606,DSN29551X Aquaintense,All / Spülen / Einbaugeräte / 60 cm
13112,4002516607601,G 5110 SCi Active Brillantweiß,All / Spülen / Einbaugeräte / 60 cm
13034,4002516607618,G 5110 SCi Active Edelstahl CleanSteel,All / Spülen / Einbaugeräte / 60 cm
13072,4002516607632,G 5150 SCVi Active Edelstahl,All / Spülen / Einbaugeräte / 60 cm
15005,4002516607878,G 5310 SCi Active Plus Brillantweiß,All / Spülen / Einbaugeräte / 60 cm
14837,4002516607885,G 5310 SCi Active Plus Edelstahl CleanSteel,All / Spülen / Einbaugeräte / 60 cm
15037,4002516607922,G 5350 SCVi Active Plus Edelstahl,All / Spülen / Einbaugeräte / 60 cm
14380,4002516469124,G 7060 SCVi Edelstahl,All / Spülen / Einbaugeräte / 60 cm
14838,4002516435686,G 7110 SCi AutoDos Clst,All / Spülen / Einbaugeräte / 60 cm
15093,4002516763017,G 7131 SCi AD 125 Edition,All / Spülen / Einbaugeräte / 60 cm
15094,4002516763031,G 7191 SCVi AD 125 Ed.,All / Spülen / Einbaugeräte / 60 cm
14802,4002516469308,G 7410 SCi clst AutoDos,All / Spülen / Einbaugeräte / 60 cm
14971,4002516738770,G 7600 SCi AutoDos,All / Spülen / Einbaugeräte / 60 cm
15118,4002516763055,G 7731 SCi AD 125 Gala Ed.,All / Spülen / Einbaugeräte / 60 cm
15116,4002516763079,G 7771 SCVi AD 125 Gala Ed.,All / Spülen / Einbaugeräte / 60 cm
15220,4002516833864,G5410 SCU clst Active Plus,All / Spülen / Einbaugeräte / 60 cm
15212,4002516833901,G5410 SCi brws,All / Spülen / Einbaugeräte / 60 cm
15210,4002516833895,G5410SCi Clst Active Plus,All / Spülen / Einbaugeräte / 60 cm
15215,4002516834045,G5450 SCVi Active Plus,All / Spülen / Einbaugeräte / 60 cm
15009,3838782723186,GI642E90X,All / Spülen / Einbaugeräte / 60 cm
15161,3838782613968,GI643D60X,All / Spülen / Einbaugeräte / 60 cm
14796,8690842496479,GIA56080X,All / Spülen / Einbaugeräte / 60 cm
14204,8690842260971,GIV53455S,All / Spülen / Einbaugeräte / 60 cm
14007,8690842387586,GIV54481X CornerWash,All / Spülen / Einbaugeräte / 60 cm
14712,8690842501074,GIV57080X,All / Spülen / Einbaugeräte / 60 cm
14151,4242004253358,S145HTS15E,All / Spülen / Einbaugeräte / 60 cm
14353,4242004244738,S147ZCS35E,All / Spülen / Einbaugeräte / 60 cm
15184,4242004278528,S155ECX06E,All / Spülen / Einbaugeräte / 60 cm
14488,4242004254270,S155HCX29E,All / Spülen / Einbaugeräte / 60 cm
13428,4242004253884,S157ZCX35E,All / Spülen / Einbaugeräte / 60 cm
15038,4242004262251,S197TCX00E,All / Spülen / Einbaugeräte / 60 cm
14874,4242005184019,SBI4HCS48E,All / Spülen / Einbaugeräte / 60 cm
14196,4242005192823,SMI4HAS48E,All / Spülen / Einbaugeräte / 60 cm
14743,4242005415755,SMI6YAS01E,All / Spülen / Einbaugeräte / 60 cm
14386,4242005173747,SMI6ZCS49E,All / Spülen / Einbaugeräte / 60 cm
15119,4242005434886,SMU4HTS00E,All / Spülen / Einbaugeräte / 60 cm
15141,4242005207220,SMV2ITX22E,All / Spülen / Einbaugeräte / 60 cm
14014,4242005189779,SMV4HAX48E,All / Spülen / Einbaugeräte / 60 cm
14751,4242005415731,SMV6YAX01E,All / Spülen / Einbaugeräte / 60 cm
15054,4242005183982,SMV6ZCX00E,All / Spülen / Einbaugeräte / 60 cm
15170,4242005420605,SMV6ZCX16E,All / Spülen / Einbaugeräte / 60 cm
14871,4242005189984,SMV6ZCX49E,All / Spülen / Einbaugeräte / 60 cm
15025,4242003949580,SN43HS10TE,All / Spülen / Einbaugeräte / 60 cm
14184,4242003868539,SN43HS36TE,All / Spülen / Einbaugeräte / 60 cm
15079,4242003946657,SN53ES02CE,All / Spülen / Einbaugeräte / 60 cm
15130,4242003949603,SN53HS10TE,All / Spülen / Einbaugeräte / 60 cm
14185,4242003860991,SN53HS36TE,All / Spülen / Einbaugeräte / 60 cm
14780,4242003864739,SN53HS60CE,All / Spülen / Einbaugeräte / 60 cm
15238,4242003948675,SN55YS00CE,All / Spülen / Einbaugeräte / 60 cm
14343,4242003863107,SN55ZS48CE,All / Spülen / Einbaugeräte / 60 cm
14145,4242003868560,SN61IX12TE,All / Spülen / Einbaugeräte / 60 cm
15074,4242003941898,SN63EX02CE,All / Spülen / Einbaugeräte / 60 cm
15129,4242003948897,SN63HX10TE,All / Spülen / Einbaugeräte / 60 cm
14119,4242003862223,SN63HX60CE,All / Spülen / Einbaugeräte / 60 cm
15251,4242003940884,SN65ZX07CE,All / Spülen / Einbaugeräte / 60 cm
13896,4242003865293,SN65ZX48CE,All / Spülen / Einbaugeräte / 60 cm
15221,4242003943830,SN87TX00E,All / Spülen / Einbaugeräte / 60 cm
15298,4242003946701,SX53ES02CE,All / Spülen / Einbaugeräte / 60 cm
15250,4242003940891,SX65ZX07CE,All / Spülen / Einbaugeräte / 60 cm
14364,4242003888568,SX65ZX67CE,All / Spülen / Einbaugeräte / 60 cm
13457,8690842392450,DVS05022W,All / Spülen / Standgeräte
13888,4002516316183,G 5430 SC SL Active brillantweiß,All / Spülen / Standgeräte / 45 cm
15253,4242005371242,SPS4HKW49E,All / Spülen / Standgeräte / 45 cm
15121,4242005224340,SPS4HKW53E,All / Spülen / Standgeräte / 45 cm
15252,4242005421817,SPS4HMI49E,All / Spülen / Standgeräte / 45 cm
14929,4002516607427,G 5110 SC Active Brillantweiß,All / Spülen / Standgeräte / 60 cm
13933,4002516316053,G 5210 SCU Active Plus Brillantweiß,All / Spülen / Standgeräte / 60 cm
15072,4002516607823,G 5310 SCU Active Plus Edelstahl CleanSteel,All / Spülen / Standgeräte / 60 cm
15216,4002516833840,G5410 SC Active Plus Brillantweiß,All / Spülen / Standgeräte / 60 cm
14948,8690842501050,GS56456X,All / Spülen / Standgeräte / 60 cm
15150,3838782723117,GS642E90X,All / Spülen / Standgeräte / 60 cm
15160,3838782768842,GS673B60X,All / Spülen / Standgeräte / 60 cm
14865,8690842496400_,GSA53466W,All / Spülen / Standgeräte / 60 cm
15242,8690842496400,GSA53467W,All / Spülen / Standgeräte / 60 cm
15122,4242005443192,SMS4HNW06E,All / Spülen / Standgeräte / 60 cm
15055,4242005430604,SMS4HVW00E,All / Spülen / Standgeräte / 60 cm
14317,4242005196876,SMS4HVW31E,All / Spülen / Standgeräte / 60 cm
13999,4242005198047,SKS62E32EU,All / Spülen / Tischgeschirrspüler
14437,4002516455790,"PowerDisk All in 1, Vorratsset 6 Stück",All / Spülen / Zubehör
15202,6942147489451,32A4K,All / TV
15123,6942147492420,43A7KQ,All / TV
15198,6942147491867,43E77KQ,All / TV
13104,8806091636041,43UQ80009LB,All / TV
13130,8806091625823,50UQ91009LA,All / TV
15263,6942351402802,55E77NQ PRO,All / TV
15229,6942147492048,65E77KQ,All / TV
15228,6942147493403,65U7KQ,All / TV
15261,6942147491256,75A6K,All / TV
15197,6942147496077,75E77KQ,All / TV
15124,6942147493540,75U7KQ,All / TV
14598,8806091365989,MR 21 GC,All / TV
15062,8806087092219,43UR78006LK,All / TV / UHD
15262,6942351406268,50A6N,All / TV / UHD
15064,6942147491928,50E77KQ,All / TV / UHD
15065,6942147480120,65A67H,All / TV / UHD
15063,8806087076493,65UR80006LJ,All / TV / UHD
13782,9120009369197,Einweg Gesichtsmaske Doppelvlies (MNS),All / Unkategorisiert
14172,93988235526,FFP2 Maske,All / Unkategorisiert
14991,8690842579127,B3WFT5941W,All / Wäschepflege / Frontlader
14876,8690842593017,B5WFT58419WA,All / Wäschepflege / Frontlader
14527,8690842502613,B5WFT594138W,All / Wäschepflege / Frontlader
14898,8690842513022,B5WFU584135W,All / Wäschepflege / Frontlader
14638,8690842496455,B5WFU58418W,All / Wäschepflege / Frontlader
14224,7332543777372,L5CB31330,All / Wäschepflege / Frontlader
15191,7333394034256,L5CB32330,All / Wäschepflege / Frontlader
14450,7332543802913,L6FBA50490,All / Wäschepflege / Frontlader
14693,7332543970766,L6FBA51680,All / Wäschepflege / Frontlader
14762,7332543848683,LR7A70690,All / Wäschepflege / Frontlader
13832,8690842349591,WAF71428,All / Wäschepflege / Frontlader
15169,8690842651755,WAF71429,All / Wäschepflege / Frontlader
13923,8690842346989,WAF81413,All / Wäschepflege / Frontlader
14979,8690842602689,WAF91410,All / Wäschepflege / Frontlader
14974,4242005358328,WAN28129,All / Wäschepflege / Frontlader
14877,4242005352258,WAN28K23,All / Wäschepflege / Frontlader
14507,4242005304738,WAX32M12,All / Wäschepflege / Frontlader
13843,4002516335498,WCA030 WCS Active Lotosweiß,All / Wäschepflege / Frontlader
14379,4002516342434,WCA030 WPS Active,All / Wäschepflege / Frontlader
15192,4002516790273,WCA032 WCS Active,All / Wäschepflege / Frontlader
14940,4002516742074,WCE460 WCS PWash&8kg,All / Wäschepflege / Frontlader
15090,4002516759768,WCI880 WPS 125 Gala Edition Lotosweiß,All / Wäschepflege / Frontlader
15271,6901101815644,WFQA1214EVJM,All / Wäschepflege / Frontlader
15231,4242003943342,WG46G2Z40,All / Wäschepflege / Frontlader
14870,4242005350421,WGB244A40,All / Wäschepflege / Frontlader
14688,4242005293698,WGG244A20,All / Wäschepflege / Frontlader
14274,3838782476150,WHP74EPS,All / Wäschepflege / Frontlader
14799,4242003917169,WM14N0K5,All / Wäschepflege / Frontlader
15297,4242003937303,WM14N127,All / Wäschepflege / Frontlader
14831,4242003925034,WM14NK23,All / Wäschepflege / Frontlader
14884,4242003926956,WM14NKG3,All / Wäschepflege / Frontlader
14141,4242003874967,WM14UPA0 i-Dos,All / Wäschepflege / Frontlader
14424,4242003879641,WM16XMJ00P,All / Wäschepflege / Frontlader
14844,3838782560521,WNEI96ADPS,All / Wäschepflege / Frontlader
14776,3838782658785,WNHEI74SAPS/AT,All / Wäschepflege / Frontlader
15266,3838782823466,WNHPI64SAPS,All / Wäschepflege / Frontlader
14847,3838782655982,WNPI84APS,All / Wäschepflege / Frontlader
14892,8690842605505,WTV7717PT,All / Wäschepflege / Frontlader
14800,4242003928325,WU14UT28,All / Wäschepflege / Frontlader
14949,4242003909249,WU14UTA8,All / Wäschepflege / Frontlader
14655,4242005306589,WUU28T41,All / Wäschepflege / Frontlader
14950,4242005308781,WUU28TA8,All / Wäschepflege / Frontlader
15157,8806095210063,WW80CGC04AAEE,All / Wäschepflege / Frontlader
14443,8806090609091,WW80TA049AE/EG,All / Wäschepflege / Frontlader
15031,8806095210551,WW90CGC04AAEEG,All / Wäschepflege / Frontlader
14785,8806090609169,WW90T4543AE/EG,All / Wäschepflege / Frontlader
14826,4002516513148,WWA028 WPS ActiveWhite,All / Wäschepflege / Frontlader
15200,4002516760047,WWB200 WCS 8kg,All / Wäschepflege / Frontlader
15088,4002516759577,WWB380 WCS 125 Edition Lotosweiß,All / Wäschepflege / Frontlader
15089,4002516788652,WWB680 WPS 125 Edition,All / Wäschepflege / Frontlader
13691,4002516217794,WWD120 WCS 8kg,All / Wäschepflege / Frontlader
13809,4002516217022,WWD120 WPS 8kg,All / Wäschepflege / Frontlader
13584,4002516237723,WWD320 WCS PWash&8kg,All / Wäschepflege / Frontlader
13992,4002516352297,WWD660 WCS TDos&8kg,All / Wäschepflege / Frontlader
14772,4002516604402,WWF364 WPS PWash & 8 kg,All / Wäschepflege / Frontlader
14936,4002516610014,WWF664 WCS TDos&8kg,All / Wäschepflege / Frontlader
13700,4002516237730,WWG360 WCS PWash&9kg Lotosweiß,All / Wäschepflege / Frontlader
13577,4002516217824,WWG660 WCS TDos&9kg Lotosweiß,All / Wäschepflege / Frontlader
13642,4002516217848,WWI860 WPS PWash&TDos&9kg Lotosweiß,All / Wäschepflege / Frontlader
12945,4002516024422,WWR860WPS PWash2.0&TDosXL&WiFi Lotosweiß,All / Wäschepflege / Frontlader
13951,8690842348853,WAI71433,All / Wäschepflege / Frontlader (einbau)
14261,8059019020303,H3TFMQ47TAMCE-84,All / Wäschepflege / Toplader
14268,8059019020310,H3TFMQ48TAMCE-84,All / Wäschepflege / Toplader
14903,7333394009636,LTR7A70370,All / Wäschepflege / Toplader
15204,7333394044231,LTR7A71370,All / Wäschepflege / Toplader
14959,7333394010038,LTR7E70260,All / Wäschepflege / Toplader
14062,4002516370338,WW610 WCS Lotosweiß,All / Wäschepflege / Toplader
14779,7332543845378,ZWQ61245CF,All / Wäschepflege / Toplader
14539,7332543798131,ZWQ61245CI,All / Wäschepflege / Toplader
14671,8690842502774,B3T42249,All / Wäschepflege / Trockner
14636,8690842503955,B5T62243W,All / Wäschepflege / Trockner
14965,8690842591334,DR81480,All / Wäschepflege / Trockner
15165,8690842408298,DS7615PA,All / Wäschepflege / Trockner
15036,4002516609858,TCA230WP Active Lotosweiß,All / Wäschepflege / Trockner
15092,4002516769026,TCL680WP 125 Gala Edition Lotosweiß,All / Wäschepflege / Trockner
14891,8690842284526,TKF7206A,All / Wäschepflege / Trockner
14105,8690842408311,TKFA8319,All / Wäschepflege / Trockner
14670,8690842404177,TKFN7221,All / Wäschepflege / Trockner
13448,8690842408229,TKFN8510,All / Wäschepflege / Trockner
15066,8690842408205,TKFN8530,All / Wäschepflege / Trockner
14409,8690842408236,TKFN8601 Hybrid,All / Wäschepflege / Trockner
14922,8690842408304,TKFS8315,All / Wäschepflege / Trockner
15058,7332543841554,TR8T70680,All / Wäschepflege / Trockner
14827,4002516697039,TWA228WP ActiveWhite,All / Wäschepflege / Trockner
14681,4002516462811,TWC220WP 8kg Lotosweiß,All / Wäschepflege / Trockner
15091,4002516749554,TWC660WP 125 Edition Lotosweiß,All / Wäschepflege / Trockner
14397,4002516462385,TWF760WP EcoSpeed&8kg Lotosweiß,All / Wäschepflege / Trockner
14900,4002516453543,TWL780 WP,All / Wäschepflege / Trockner
14719,4242003930670,WQ33G2D20,All / Wäschepflege / Trockner
14890,4242005364275,WQB245B40,All / Wäschepflege / Trockner
15059,4242005441358,WQG233DF4,All / Wäschepflege / Trockner
14639,4242003923009,WT43HV03,All / Wäschepflege / Trockner
14167,4242003718179,WT47W5S1,All / Wäschepflege / Trockner
14769,4242005358113,WTH85V13,All / Wäschepflege / Trockner
15115,4002516790631,Duftflakon FA J 371 L,All / Wäschepflege / Trockner / Zubehör
14899,7332543981670,LWR7E70600,All / Wäschepflege / Waschtrockner
13976,8690842367908,WDW8716STB SteamCure,All / Wäschepflege / Waschtrockner
14716,4242003917473,WN34A141,All / Wäschepflege / Waschtrockner
14171,4242005225941,WNG24440,All / Wäschepflege / Waschtrockner
14153,4002516362579,WTD160 WCS 8/5 kg Lotosweiß,All / Wäschepflege / Waschtrockner
15117,4002516368779,WTI370 WPM PWash 8/5 kg,All / Wäschepflege / Waschtrockner
13982,8690842353420,WTS81451 DampfKur,All / Wäschepflege / Waschtrockner
13872,800654018204,Ariel Pods,All / Wäschepflege / Zubehör
14939,4002516516101,Set 6 UltraPhase 3x 1 + 3x 2 Kartusche,All / Wäschepflege / Zubehör
15045,4002516672524,Set 6 UltraPhase FloralBoost,All / Wäschepflege / Zubehör
13821,4002516504726,UltraPhase 1 UPS 1 ,All / Wäschepflege / Zubehör
13822,4002515953907,UltraPhase 2 UPS 2 ,All / Wäschepflege / Zubehör
15264,4002515105917,WTV501,All / Wäschepflege / Zubehör
12237,4002515105924,WTV502,All / Wäschepflege / Zubehör
14717,4242003569993,WZ20400,All / Wäschepflege / Zubehör
